1788655020,2026-09-06T00:37:00+00:00,3898.09,50000,54000,50000,50250,49000,54250,51000,48750,50000,263.12,1.86,3244774,62.87,19.69,17.02,1003,808,112,42,63.62,40977,0,44,69.36,40512,1,[N/A],[N/A],[N/A],[N/A],4,4,"%CPU COMMAND;3837 VLLM::Worker_TP;3735 VLLM::Worker_TP; 365 python3;95.8 opencode;44.3 vllm;"
1788655021,2026-09-06T00:37:01+00:00,3899.64,49750,54250,50750,49500,50250,55250,50500,49750,50000,262.25,1.86,3269032,62.87,19.69,17.02,1003,808,112,42,63.14,40977,1,44,71.36,40512,0,[N/A],[N/A],[N/A],[N/A],4,4,"%CPU COMMAND;3882 VLLM::Worker_TP;3764 VLLM::Worker_TP; 351 python3;95.8 opencode;43.6 vllm;"
1788655023,2026-09-06T00:37:03+00:00,3901.25,51250,54125,50500,50000,53250,50000,51000,49750,50750,270.51,1.91,3258384,62.87,19.69,17.02,1003,808,112,42,63.21,40977,0,44,69.18,40512,1,[N/A],[N/A],[N/A],[N/A],4,4,"%CPU COMMAND;3925 VLLM::Worker_TP;3798 VLLM::Worker_TP; 600 ps; 339 python3;95.7 opencode;"
1788655024,2026-09-06T00:37:04+00:00,3902.79,49250,53875,50500,50250,51500,50000,51500,49000,51000,258.71,1.85,3251522,62.87,19.69,17.02,1003,808,112,42,64.84,40977,1,44,67.60,40512,1,[N/A],[N/A],[N/A],[N/A],4,4,"%CPU COMMAND;3965 VLLM::Worker_TP;3839 VLLM::Worker_TP; 328 python3;95.4 opencode;42.5 vllm;"
1788655026,2026-09-06T00:37:06+00:00,3904.31,49500,53625,50500,50250,50250,53250,51500,49000,51250,257.03,1.84,3266469,66.89,21.24,17.53,1003,808,112,42,64.09,40977,0,44,68.37,40512,1,[N/A],[N/A],[N/A],[N/A],4,4,"%CPU COMMAND;4003 VLLM::Worker_TP;3880 VLLM::Worker_TP; 317 python3;95.2 opencode;41.9 vllm;"
1788655027,2026-09-06T00:37:07+00:00,3905.87,49750,53750,51000,50250,50750,54250,51000,49500,54250,264.47,1.87,3268969,66.89,21.24,17.53,1003,808,112,42,65.70,40977,1,44,68.10,40512,0,[N/A],[N/A],[N/A],[N/A],4,4,"%CPU COMMAND;4036 VLLM::Worker_TP;3920 VLLM::Worker_TP; 308 python3;95.1 opencode;41.4 vllm;"
1788655029,2026-09-06T00:37:09+00:00,3907.41,49500,53875,50500,50750,54000,50750,51500,49500,50750,262.08,1.85,3269002,66.89,21.24,17.53,1003,808,112,42,66.46,40977,1,45,69.52,40512,1,[N/A],[N/A],[N/A],[N/A],4,4,"%CPU COMMAND;4074 VLLM::Worker_TP;3958 VLLM::Worker_TP; 298 python3;94.9 opencode;40.8 vllm;"
1788655031,2026-09-06T00:37:11+00:00,3909.03,53500,53750,50500,51250,52500,54500,51250,49500,50000,274.40,1.96,3268944,70.58,22.77,18.05,1003,808,112,42,64.15,40977,0,45,72.12,40512,1,[N/A],[N/A],[N/A],[N/A],4,4,"%CPU COMMAND;4108 VLLM::Worker_TP;3990 VLLM::Worker_TP; 289 python3;94.9 opencode;40.3 vllm;"
1788655032,2026-09-06T00:37:12+00:00,3910.59,50000,54000,50750,50250,49750,53750,51250,50750,50750,267.70,1.89,3266482,70.58,22.77,18.05,1003,808,112,42,65.64,40977,1,45,68.48,40512,0,[N/A],[N/A],[N/A],[N/A],4,4,"%CPU COMMAND;4138 VLLM::Worker_TP;4024 VLLM::Worker_TP; 600 ps; 281 python3;94.8 opencode;"
1788655034,2026-09-06T00:37:14+00:00,3912.16,49750,54125,50750,50750,49750,54250,51750,50000,50500,264.91,1.87,3268983,70.58,22.77,18.05,1003,808,112,43,64.50,40977,1,45,68.22,40512,3,[N/A],[N/A],[N/A],[N/A],4,4,"%CPU COMMAND;4167 VLLM::Worker_TP;4054 VLLM::Worker_TP; 500 ps; 273 python3;94.8 opencode;"
1788655035,2026-09-06T00:37:15+00:00,3913.70,50000,54375,51750,50750,49000,54250,53500,50000,51000,262.93,1.87,3266400,73.90,24.25,18.55,1003,808,112,43,64.84,40977,1,45,71.79,40512,1,[N/A],[N/A],[N/A],[N/A],4,4,"%CPU COMMAND;4197 VLLM::Worker_TP;4086 VLLM::Worker_TP; 266 python3;94.6 opencode;38.8 vllm;"
1788655037,2026-09-06T00:37:17+00:00,3915.25,50750,54375,50750,50500,50250,53000,53000,49750,51000,263.33,2.07,3269007,73.90,24.25,18.55,1003,808,112,43,64.20,40977,0,45,69.51,40512,1,[N/A],[N/A],[N/A],[N/A],4,4,"%CPU COMMAND;4224 VLLM::Worker_TP;4113 VLLM::Worker_TP; 600 ps; 259 python3;94.6 opencode;"
1788655038,2026-09-06T00:37:18+00:00,3916.81,50000,54250,51000,50500,50750,54250,52000,50250,52000,263.90,1.87,3268984,73.90,24.25,18.55,1003,808,112,43,64.68,40977,3,45,68.78,40512,1,[N/A],[N/A],[N/A],[N/A],4,4,"%CPU COMMAND;4249 VLLM::Worker_TP;4137 VLLM::Worker_TP; 600 ps; 252 python3;94.6 opencode;"
1788655040,2026-09-06T00:37:20+00:00,3918.36,50000,54250,51250,51250,54500,50750,52000,50250,53000,264.41,1.91,3266409,77.51,25.82,19.09,1003,809,112,43,64.74,40977,1,46,70.55,40512,1,[N/A],[N/A],[N/A],[N/A],4,4,"%CPU COMMAND;4275 VLLM::Worker_TP;4163 VLLM::Worker_TP; 500 ps; 246 python3;94.7 opencode;"
1788655041,2026-09-06T00:37:21+00:00,3919.90,52250,54500,51250,53500,53500,50250,51750,50250,50750,NA,2.47,3268998,77.51,25.82,19.09,1003,809,112,43,66.04,40977,1,46,68.38,40512,1,[N/A],[N/A],[N/A],[N/A],4,4,"%CPU COMMAND;4299 VLLM::Worker_TP;4187 VLLM::Worker_TP; 240 python3;94.8 opencode;37.0 vllm;"
1788655043,2026-09-06T00:37:23+00:00,3921.49,51250,54375,50750,50750,50250,52500,52000,50750,51000,267.07,2.17,3266443,77.51,25.82,19.09,1003,808,112,43,65.94,40977,0,46,66.43,40512,1,[N/A],[N/A],[N/A],[N/A],4,4,"%CPU COMMAND;4302 VLLM::Worker_TP;4210 VLLM::Worker_TP; 234 python3;95.0 opencode;36.6 vllm;"
1788655045,2026-09-06T00:37:25+00:00,3923.04,50000,54375,51250,51000,53250,50250,51500,51750,53500,266.63,1.88,3266413,77.51,25.82,19.09,1003,809,112,43,64.13,40977,0,46,70.88,40512,1,[N/A],[N/A],[N/A],[N/A],4,4,"%CPU COMMAND;4324 VLLM::Worker_TP;4228 VLLM::Worker_TP; 500 ps; 228 python3;95.1 opencode;"
1788655046,2026-09-06T00:37:26+00:00,3924.64,52000,54375,51250,51500,53250,50250,51750,50250,53250,275.40,1.94,3247515,80.99,27.40,19.64,1003,809,112,43,65.76,40977,1,46,68.32,40512,1,[N/A],[N/A],[N/A],[N/A],4,4,"%CPU COMMAND;4348 VLLM::Worker_TP;4254 VLLM::Worker_TP; 223 python3;95.2 opencode;35.7 vllm;"
1788655048,2026-09-06T00:37:28+00:00,3926.31,50250,54875,51250,50500,52500,50250,52750,49750,53500,284.34,1.99,3269045,80.99,27.40,19.64,1003,809,112,44,65.38,40977,0,46,68.91,40512,1,[N/A],[N/A],[N/A],[N/A],4,4,"%CPU COMMAND;4365 VLLM::Worker_TP;4278 VLLM::Worker_TP; 218 python3;95.3 opencode;35.3 vllm;"
1788655050,2026-09-06T00:37:30+00:00,3927.91,49750,55375,51250,50750,53750,49750,56250,50250,50750,270.89,1.85,3268937,80.99,27.40,19.64,1003,809,112,43,66.27,40977,0,46,69.82,40512,2,[N/A],[N/A],[N/A],[N/A],4,4,"%CPU COMMAND;4385 VLLM::Worker_TP;4274 VLLM::Worker_TP; 213 python3;95.4 opencode;34.9 vllm;"
1788655051,2026-09-06T00:37:31+00:00,3929.51,53500,55250,51250,51500,54500,54000,51750,49750,51500,275.11,1.94,3266393,83.71,28.86,20.15,1003,809,112,44,66.23,40977,1,46,68.75,40512,1,[N/A],[N/A],[N/A],[N/A],4,4,"%CPU COMMAND;4402 VLLM::Worker_TP;4296 VLLM::Worker_TP; 400 ps; 208 python3;95.3 opencode;"
1788655053,2026-09-06T00:37:33+00:00,3931.07,51500,55125,51250,51000,52500,54250,52500,50000,51000,262.32,1.85,3261541,83.71,28.86,20.15,1003,809,112,44,67.39,40977,1,46,65.84,40512,0,[N/A],[N/A],[N/A],[N/A],4,4,"%CPU COMMAND;4418 VLLM::Worker_TP;4319 VLLM::Worker_TP; 600 ps; 204 python3;95.1 opencode;"
1788655054,2026-09-06T00:37:34+00:00,3932.63,50250,55000,51500,51000,53250,54750,52000,50500,50750,264.80,1.90,3268985,83.71,28.86,20.15,1003,809,112,44,66.79,40977,1,47,72.04,40512,1,[N/A],[N/A],[N/A],[N/A],4,4,"%CPU COMMAND;4438 VLLM::Worker_TP;4339 VLLM::Worker_TP; 200 python3;94.7 opencode;33.8 vllm;"
1788655056,2026-09-06T00:37:36+00:00,3934.22,51000,54875,51250,51500,54250,50500,51500,49750,51000,266.88,1.90,3266475,86.46,30.34,20.68,1003,809,112,44,66.22,40977,1,47,72.67,40512,1,[N/A],[N/A],[N/A],[N/A],4,4,"%CPU COMMAND;4457 VLLM::Worker_TP;4359 VLLM::Worker_TP; 196 python3;94.4 opencode;33.4 vllm;"
1788655057,2026-09-06T00:37:37+00:00,3935.79,50250,54750,51500,51250,52500,52750,52500,49750,51250,263.24,1.88,3266417,86.46,30.34,20.68,1003,809,112,44,67.02,40977,1,47,70.62,40512,1,[N/A],[N/A],[N/A],[N/A],4,4,"%CPU COMMAND;4474 VLLM::Worker_TP;4376 VLLM::Worker_TP; 192 python3;94.2 opencode;33.1 vllm;"
1788655059,2026-09-06T00:37:39+00:00,3937.35,50250,54625,51500,51000,54500,51000,52000,50250,53000,262.22,1.87,3266402,86.46,30.34,20.68,1003,809,112,44,66.90,40977,1,47,66.58,40512,1,[N/A],[N/A],[N/A],[N/A],4,4,"%CPU COMMAND;4490 VLLM::Worker_TP;4395 VLLM::Worker_TP; 500 ps; 188 python3;93.9 opencode;"
1788655060,2026-09-06T00:37:41+00:00,3938.91,52000,54500,51500,51000,53500,51000,52250,50500,51500,255.32,1.88,3266491,89.15,31.82,21.21,1003,809,112,44,67.46,40977,1,47,72.38,40512,1,[N/A],[N/A],[N/A],[N/A],4,4,"%CPU COMMAND;4507 VLLM::Worker_TP;4413 VLLM::Worker_TP; 185 python3;93.6 opencode;32.4 vllm;"
1788655062,2026-09-06T00:37:42+00:00,3940.48,50250,54250,51000,51000,53750,51000,52000,50000,51000,262.49,1.88,3266452,89.15,31.82,21.21,1003,809,112,44,66.64,40977,1,47,67.03,40512,0,[N/A],[N/A],[N/A],[N/A],4,4,"%CPU COMMAND;4521 VLLM::Worker_TP;4430 VLLM::Worker_TP; 600 ps; 181 python3;93.2 opencode;"
1788655064,2026-09-06T00:37:44+00:00,3942.04,51500,54125,51500,51000,53500,50750,52250,49750,51000,260.73,1.87,3268943,89.15,31.82,21.21,1003,809,112,45,67.25,40977,1,47,66.21,40512,0,[N/A],[N/A],[N/A],[N/A],4,4,"%CPU COMMAND;4534 VLLM::Worker_TP;4448 VLLM::Worker_TP; 178 python3;93.0 opencode;31.7 vllm;"
1788655065,2026-09-06T00:37:45+00:00,3943.60,51250,54000,52000,51500,54500,50250,52250,50500,51000,264.53,1.88,3253706,90.98,33.16,21.70,1003,809,112,45,66.02,40977,1,47,68.87,40512,1,[N/A],[N/A],[N/A],[N/A],4,4,"%CPU COMMAND;4549 VLLM::Worker_TP;4463 VLLM::Worker_TP; 500 ps; 175 python3;92.7 opencode;"
1788655067,2026-09-06T00:37:47+00:00,3945.18,53250,54375,51750,51750,54500,53000,51750,50250,51000,263.39,1.91,3268977,90.98,33.16,21.70,1003,809,112,45,67.43,40977,1,47,72.84,40512,1,[N/A],[N/A],[N/A],[N/A],4,4,"%CPU COMMAND;4564 VLLM::Worker_TP;4480 VLLM::Worker_TP; 172 python3;92.4 opencode;31.1 vllm;"
1788655068,2026-09-06T00:37:48+00:00,3946.77,50000,54625,51250,51250,53750,54500,52500,50250,52250,262.72,1.84,3266445,90.98,33.16,21.70,1003,809,112,45,68.19,40977,1,47,66.61,40512,1,[N/A],[N/A],[N/A],[N/A],4,4,"%CPU COMMAND;4559 VLLM::Worker_TP;4495 VLLM::Worker_TP; 169 python3;92.1 opencode;30.8 vllm;"
1788655070,2026-09-06T00:37:50+00:00,3948.32,50750,54750,51250,51250,54250,53250,52500,50750,53000,260.92,1.86,3259234,92.66,34.46,22.18,1003,809,112,45,65.82,40977,0,48,73.73,40512,1,[N/A],[N/A],[N/A],[N/A],4,4,"%CPU COMMAND;4574 VLLM::Worker_TP;4509 VLLM::Worker_TP; 166 python3;91.8 opencode;30.5 vllm;"
1788655071,2026-09-06T00:37:52+00:00,3949.91,50750,54750,51250,51250,54250,54000,51750,50250,54000,266.53,1.91,3266431,92.66,34.46,22.18,1003,809,112,45,66.10,40977,1,48,70.28,40512,1,[N/A],[N/A],[N/A],[N/A],4,4,"%CPU COMMAND;4587 VLLM::Worker_TP;4522 VLLM::Worker_TP; 163 python3;91.5 opencode;30.2 vllm;"
1788655073,2026-09-06T00:37:53+00:00,3951.48,51500,55000,50750,51500,50250,54500,52500,50500,52750,263.72,1.90,3268981,92.66,34.46,22.18,1003,809,112,45,64.55,40977,1,48,74.07,40512,2,[N/A],[N/A],[N/A],[N/A],4,4,"%CPU COMMAND;4601 VLLM::Worker_TP;4519 VLLM::Worker_TP; 160 python3;91.2 opencode;29.9 vllm;"
1788655075,2026-09-06T00:37:55+00:00,3953.05,51000,54875,51750,51500,50000,54250,52000,50250,51500,265.29,1.90,3269013,92.66,34.46,22.18,1003,809,112,45,66.00,40977,1,48,71.29,40512,1,[N/A],[N/A],[N/A],[N/A],4,4,"%CPU COMMAND;4613 VLLM::Worker_TP;4533 VLLM::Worker_TP; 158 python3;91.0 opencode;29.6 vllm;"
1788655076,2026-09-06T00:37:56+00:00,3954.60,53000,54875,51750,51500,51000,51000,53000,49750,53500,260.79,1.86,3266464,94.85,35.88,22.71,1003,809,112,45,67.29,40977,4,48,69.79,40512,1,[N/A],[N/A],[N/A],[N/A],4,4,"%CPU COMMAND;4625 VLLM::Worker_TP;4543 VLLM::Worker_TP; 155 python3;90.7 opencode;29.3 vllm;"
1788655078,2026-09-06T00:37:58+00:00,3956.12,53750,54750,51500,51250,50750,53250,52500,51750,51500,255.21,1.83,3268971,94.85,35.88,22.71,1003,809,112,46,65.78,40977,0,48,69.14,40512,1,[N/A],[N/A],[N/A],[N/A],4,4,"%CPU COMMAND;4634 VLLM::Worker_TP;4554 VLLM::Worker_TP; 153 python3;90.5 opencode;29.1 vllm;"
1788655079,2026-09-06T00:37:59+00:00,3957.63,50750,54625,51500,51250,50000,54750,53250,50500,52000,252.96,1.81,3268968,94.85,35.88,22.71,1003,809,112,45,65.62,40977,1,48,67.06,40512,1,[N/A],[N/A],[N/A],[N/A],4,4,"%CPU COMMAND;4643 VLLM::Worker_TP;4567 VLLM::Worker_TP; 151 python3;90.2 opencode;28.8 vllm;"
1788655081,2026-09-06T00:38:01+00:00,3959.17,54750,54750,51500,51000,50500,53250,52750,50000,51250,262.74,1.86,3252329,96.62,37.23,23.22,1003,809,112,46,66.57,40977,1,48,72.16,40512,1,[N/A],[N/A],[N/A],[N/A],4,4,"%CPU COMMAND;4656 VLLM::Worker_TP;4580 VLLM::Worker_TP; 148 python3;90.0 opencode;28.6 vllm;"
1788655082,2026-09-06T00:38:02+00:00,3960.74,51750,54875,51500,51000,50750,53250,52250,50750,51500,267.52,1.89,3250295,96.62,37.23,23.22,1003,809,112,46,66.25,40977,1,48,72.87,40512,1,[N/A],[N/A],[N/A],[N/A],4,4,"%CPU COMMAND;4667 VLLM::Worker_TP;4591 VLLM::Worker_TP; 600 ps; 146 python3;89.7 opencode;"
1788655084,2026-09-06T00:38:04+00:00,3962.30,51750,54875,51500,51750,52000,55750,52750,51250,51000,262.87,1.87,3247492,96.62,37.23,23.22,1003,809,112,46,66.24,40977,1,48,71.19,40512,1,[N/A],[N/A],[N/A],[N/A],4,4,"%CPU COMMAND;4677 VLLM::Worker_TP;4603 VLLM::Worker_TP; 144 python3;89.4 opencode;28.1 vllm;"
1788655085,2026-09-06T00:38:05+00:00,3963.86,53000,54750,51250,51250,54000,55000,51750,50750,51500,264.73,1.88,3261484,98.02,38.51,23.70,1003,809,112,46,65.84,40977,0,49,71.64,40512,1,[N/A],[N/A],[N/A],[N/A],4,4,"%CPU COMMAND;4688 VLLM::Worker_TP;4612 VLLM::Worker_TP; 600 ps; 142 python3;89.2 opencode;"
1788655087,2026-09-06T00:38:07+00:00,3965.43,52750,54750,51250,51750,51500,55250,52000,50750,51000,265.48,1.89,3268953,98.02,38.51,23.70,1003,809,112,46,66.99,40977,1,49,71.12,40512,1,[N/A],[N/A],[N/A],[N/A],4,4,"%CPU COMMAND;4699 VLLM::Worker_TP;4622 VLLM::Worker_TP; 140 python3;89.0 opencode;27.6 vllm;"
1788655089,2026-09-06T00:38:09+00:00,3967.01,51250,54625,51750,51250,52750,54000,52500,50500,51250,265.24,1.91,3241742,98.02,38.51,23.70,1003,809,112,46,65.76,40977,0,49,71.95,40512,1,[N/A],[N/A],[N/A],[N/A],4,4,"%CPU COMMAND;4707 VLLM::Worker_TP;4630 VLLM::Worker_TP; 500 ps; 138 python3;88.7 opencode;"
1788655090,2026-09-06T00:38:10+00:00,3968.55,50750,54625,51500,51500,54500,51000,52500,50750,52500,261.41,1.86,3269032,99.14,39.73,24.18,1003,809,112,46,67.68,40977,1,49,69.29,40512,1,[N/A],[N/A],[N/A],[N/A],4,4,"%CPU COMMAND;4718 VLLM::Worker_TP;4642 VLLM::Worker_TP; 136 python3;88.5 opencode;27.1 vllm;"
1788655092,2026-09-06T00:38:12+00:00,3970.11,52250,54500,51750,51500,53250,50750,52500,50500,52250,265.34,1.88,3268958,99.14,39.73,24.18,1003,809,112,46,66.58,40977,1,49,71.69,40512,1,[N/A],[N/A],[N/A],[N/A],4,4,"%CPU COMMAND;4722 VLLM::Worker_TP;4651 VLLM::Worker_TP; 400 ps; 134 python3;88.3 opencode;"
1788655093,2026-09-06T00:38:13+00:00,3971.62,51500,54500,52000,51250,56250,51000,52500,50750,52250,253.14,1.76,3250882,99.14,39.73,24.18,1003,809,112,46,67.57,40977,1,49,68.22,40512,1,[N/A],[N/A],[N/A],[N/A],4,4,"%CPU COMMAND;4723 VLLM::Worker_TP;4660 VLLM::Worker_TP; 132 python3;88.1 opencode;26.6 vllm;"
1788655095,2026-09-06T00:38:15+00:00,3973.18,52000,54500,51250,51500,54500,53000,52750,50750,51750,262.91,1.87,3269040,100.17,40.93,24.65,1003,809,112,46,65.77,40977,0,49,72.33,40512,1,[N/A],[N/A],[N/A],[N/A],4,4,"%CPU COMMAND;4732 VLLM::Worker_TP;4669 VLLM::Worker_TP; 500 ps; 131 python3;87.9 opencode;"
1788655096,2026-09-06T00:38:16+00:00,3974.73,51250,54875,51750,52000,54500,55000,52500,51750,51750,266.19,1.89,3269068,100.17,40.93,24.65,1003,809,112,46,67.79,40977,1,49,75.50,40512,1,[N/A],[N/A],[N/A],[N/A],4,4,"%CPU COMMAND;4742 VLLM::Worker_TP;4680 VLLM::Worker_TP; 600 ps; 129 python3;87.7 opencode;"
1788655098,2026-09-06T00:38:18+00:00,3976.35,51500,55125,52000,51500,54500,53000,52250,50500,52500,270.21,1.94,3268972,100.17,40.93,24.65,1003,809,112,47,68.32,40977,1,49,72.59,40512,1,[N/A],[N/A],[N/A],[N/A],4,4,"%CPU COMMAND;4751 VLLM::Worker_TP;4676 VLLM::Worker_TP; 127 python3;87.5 opencode;26.0 vllm;"
1788655099,2026-09-06T00:38:19+00:00,3977.88,50500,55125,52000,51500,53750,53000,53000,51250,52500,258.54,1.84,3268993,100.17,40.93,24.65,1003,809,112,46,65.42,40977,1,49,74.17,40512,1,[N/A],[N/A],[N/A],[N/A],4,4,"%CPU COMMAND;4760 VLLM::Worker_TP;4685 VLLM::Worker_TP; 126 python3;87.3 opencode;25.8 vllm;"
1788655101,2026-09-06T00:38:21+00:00,3979.46,52000,55125,51750,52000,52500,56000,52750,50500,52500,267.23,1.90,3268994,101.19,42.12,25.12,1003,809,112,47,67.56,40977,1,49,69.88,40512,1,[N/A],[N/A],[N/A],[N/A],4,4,"%CPU COMMAND;4769 VLLM::Worker_TP;4695 VLLM::Worker_TP; 124 python3;87.1 opencode;25.5 vllm;"
1788655103,2026-09-06T00:38:23+00:00,3981.09,50750,55000,52000,52250,54500,52250,52750,51500,51750,275.31,1.97,3246204,101.19,42.12,25.12,1003,809,112,47,66.58,40977,1,49,71.20,40512,1,[N/A],[N/A],[N/A],[N/A],4,4,"%CPU COMMAND;4777 VLLM::Worker_TP;4703 VLLM::Worker_TP; 500 ps; 122 python3;86.9 opencode;"
1788655104,2026-09-06T00:38:24+00:00,3982.66,51250,55000,51750,52250,55250,52500,52500,51250,53750,266.29,1.92,3244717,101.19,42.12,25.12,1003,809,112,47,66.66,40977,1,50,70.73,40512,1,[N/A],[N/A],[N/A],[N/A],4,4,"%CPU COMMAND;4783 VLLM::Worker_TP;4711 VLLM::Worker_TP; 121 python3;86.7 opencode;25.1 vllm;"
1788655106,2026-09-06T00:38:26+00:00,3984.21,51250,54750,52250,51750,53000,51500,52250,51250,53500,259.08,1.85,3268948,102.54,43.38,25.62,1003,809,112,47,65.85,40977,1,50,69.85,40512,1,[N/A],[N/A],[N/A],[N/A],4,4,"%CPU COMMAND;4791 VLLM::Worker_TP;4719 VLLM::Worker_TP; 119 python3;86.5 opencode;24.9 vllm;"
1788655107,2026-09-06T00:38:27+00:00,3985.77,50750,54750,52250,52000,53750,51750,52250,50500,52750,265.36,1.90,3268988,102.54,43.38,25.62,1003,809,112,47,67.19,40977,1,50,72.26,40512,1,[N/A],[N/A],[N/A],[N/A],4,4,"%CPU COMMAND;4799 VLLM::Worker_TP;4727 VLLM::Worker_TP; 500 ps; 118 python3;86.3 opencode;"
1788655109,2026-09-06T00:38:29+00:00,3987.32,51000,54750,52500,52000,54250,51000,52500,50750,51750,262.15,1.87,3246219,102.54,43.38,25.62,1003,809,112,47,67.86,40977,1,50,70.98,40512,1,[N/A],[N/A],[N/A],[N/A],4,4,"%CPU COMMAND;4804 VLLM::Worker_TP;4735 VLLM::Worker_TP; 600 ps; 117 python3;86.1 opencode;"
1788655110,2026-09-06T00:38:30+00:00,3988.87,51250,54625,52250,51500,54500,51750,52500,51500,53000,261.64,1.88,3269020,103.38,44.54,26.09,1003,809,112,47,66.86,40977,1,50,71.87,40512,1,[N/A],[N/A],[N/A],[N/A],4,4,"%CPU COMMAND;4810 VLLM::Worker_TP;4743 VLLM::Worker_TP; 115 python3;85.9 opencode;24.4 vllm;"
1788655112,2026-09-06T00:38:32+00:00,3990.44,51250,54625,52500,51750,53000,54750,52500,51750,51500,265.88,1.89,3269024,103.38,44.54,26.09,1003,809,112,47,67.01,40977,1,50,70.75,40512,1,[N/A],[N/A],[N/A],[N/A],4,4,"%CPU COMMAND;4818 VLLM::Worker_TP;4749 VLLM::Worker_TP; 114 python3;85.8 opencode;24.2 vllm;"
1788655114,2026-09-06T00:38:34+00:00,3992.05,50750,54875,51750,51250,55000,52000,52500,51500,53250,271.39,1.92,3251401,103.38,44.54,26.09,1003,809,112,47,66.29,40977,1,50,73.16,40512,1,[N/A],[N/A],[N/A],[N/A],4,4,"%CPU COMMAND;4824 VLLM::Worker_TP;4755 VLLM::Worker_TP; 113 python3;85.6 opencode;24.0 vllm;"
1788655115,2026-09-06T00:38:35+00:00,3993.58,52500,55000,52000,51750,54750,54250,52750,50750,51750,261.04,1.85,3252398,104.07,45.66,26.56,1003,809,112,47,67.66,40977,1,50,73.41,40512,1,[N/A],[N/A],[N/A],[N/A],4,4,"%CPU COMMAND;4831 VLLM::Worker_TP;4762 VLLM::Worker_TP; 111 python3;85.3 opencode;23.8 vllm;"
1788655117,2026-09-06T00:38:37+00:00,3995.14,51500,55125,52250,52000,55250,52000,52750,52250,51750,260.43,1.81,3269005,104.07,45.66,26.56,1003,809,112,48,68.72,40977,1,50,68.13,40512,0,[N/A],[N/A],[N/A],[N/A],4,4,"%CPU COMMAND;4825 VLLM::Worker_TP;4770 VLLM::Worker_TP; 110 python3;85.1 opencode;23.6 vllm;"
1788655118,2026-09-06T00:38:38+00:00,3996.70,50750,55125,51750,51750,51750,52250,52250,51250,52250,262.37,1.88,3269025,104.07,45.66,26.56,1003,809,112,48,67.70,40977,1,50,72.35,40512,1,[N/A],[N/A],[N/A],[N/A],4,4,"%CPU COMMAND;4831 VLLM::Worker_TP;4777 VLLM::Worker_TP; 109 python3;84.9 opencode;23.5 vllm;"
1788655120,2026-09-06T00:38:40+00:00,3998.23,52000,54875,51750,52250,53750,52000,52750,51000,51500,258.93,1.84,3269026,104.78,46.78,27.02,1003,809,112,48,68.04,40977,1,50,70.55,40512,0,[N/A],[N/A],[N/A],[N/A],4,4,"%CPU COMMAND;4838 VLLM::Worker_TP;4784 VLLM::Worker_TP; 500 ps; 108 python3;84.6 opencode;"
1788655121,2026-09-06T00:38:41+00:00,3999.78,50750,54750,52250,52000,53250,51250,52500,51000,53500,263.05,1.86,3269001,104.78,46.78,27.02,1003,809,112,48,67.84,40977,1,50,70.89,40512,1,[N/A],[N/A],[N/A],[N/A],4,4,"%CPU COMMAND;4844 VLLM::Worker_TP;4792 VLLM::Worker_TP; 107 python3;84.4 opencode;23.1 vllm;"
1788655123,2026-09-06T00:38:43+00:00,4001.31,51000,54625,52500,51750,51500,51500,52250,50750,53500,258.01,1.85,3245510,104.78,46.78,27.02,1003,809,112,48,66.76,40977,0,50,71.52,40512,1,[N/A],[N/A],[N/A],[N/A],4,4,"%CPU COMMAND;4850 VLLM::Worker_TP;4795 VLLM::Worker_TP; 105 python3;84.2 opencode;22.9 vllm;"
1788655124,2026-09-06T00:38:44+00:00,4002.86,50500,54875,51750,51000,56750,54000,53000,50250,51250,260.29,1.86,3268763,104.78,46.78,27.02,1003,809,112,48,66.29,40977,1,51,72.98,40512,1,[N/A],[N/A],[N/A],[N/A],4,4,"%CPU COMMAND;4856 VLLM::Worker_TP;4790 VLLM::Worker_TP; 500 ps; 104 python3;84.0 opencode;"
1788655126,2026-09-06T00:38:46+00:00,4004.38,51250,55375,52250,52000,53500,55000,52250,50750,53000,258.13,1.83,3254406,105.92,47.98,27.51,1003,809,112,48,65.96,40977,0,51,74.88,40512,1,[N/A],[N/A],[N/A],[N/A],4,4,"%CPU COMMAND;4862 VLLM::Worker_TP;4795 VLLM::Worker_TP; 500 ps; 103 python3;84.0 opencode;"
1788655128,2026-09-06T00:38:48+00:00,4005.93,51500,55375,52500,52000,53250,55000,52750,51000,53250,263.46,1.88,3255661,105.92,47.98,27.51,1003,809,112,48,67.57,40977,1,51,74.52,40512,1,[N/A],[N/A],[N/A],[N/A],4,4,"%CPU COMMAND;4869 VLLM::Worker_TP;4802 VLLM::Worker_TP; 600 ps; 102 python3;83.8 opencode;"
1788655129,2026-09-06T00:38:49+00:00,4007.48,54250,55125,52000,52000,53750,54000,52250,51000,51500,260.60,1.87,3258658,105.92,47.98,27.51,1003,809,112,48,66.57,40977,1,51,70.10,40512,1,[N/A],[N/A],[N/A],[N/A],4,4,"%CPU COMMAND;4874 VLLM::Worker_TP;4808 VLLM::Worker_TP; 101 python3;83.7 opencode;22.3 vllm;"
1788655131,2026-09-06T00:38:51+00:00,4009.03,52750,55000,52250,52500,54000,53000,52500,50750,54000,264.27,1.87,3245789,106.41,49.04,27.97,1003,809,112,48,67.75,40977,1,51,70.07,40512,1,[N/A],[N/A],[N/A],[N/A],4,4,"%CPU COMMAND;4879 VLLM::Worker_TP;4814 VLLM::Worker_TP; 100 python3;83.7 opencode;22.1 vllm;"
1788655132,2026-09-06T00:38:52+00:00,4010.62,52250,55125,51750,52000,53250,55500,52500,51250,54000,270.97,1.91,3269030,106.41,49.04,27.97,1003,809,112,48,66.44,40977,1,51,73.78,40512,1,[N/A],[N/A],[N/A],[N/A],4,4,"%CPU COMMAND;4885 VLLM::Worker_TP;4821 VLLM::Worker_TP;99.5 python3;83.5 opencode;22.0 vllm;"
1788655134,2026-09-06T00:38:54+00:00,4012.23,54500,55125,52500,52250,51250,51750,52500,51000,51500,272.70,1.94,3244091,106.41,49.04,27.97,1003,809,112,48,66.82,40977,0,51,72.00,40512,1,[N/A],[N/A],[N/A],[N/A],4,4,"%CPU COMMAND;4891 VLLM::Worker_TP;4826 VLLM::Worker_TP;98.6 python3;83.5 opencode;21.8 vllm;"
1788655135,2026-09-06T00:38:55+00:00,4013.79,52750,55125,52500,51750,51500,55500,52500,51500,53500,266.98,1.89,3268968,106.86,50.08,28.42,1003,809,112,48,67.49,40977,1,51,70.94,40512,1,[N/A],[N/A],[N/A],[N/A],4,4,"%CPU COMMAND;4896 VLLM::Worker_TP;4832 VLLM::Worker_TP; 600 ps;97.5 python3;83.5 opencode;"
1788655137,2026-09-06T00:38:57+00:00,4015.40,51000,55375,52500,52000,52500,55750,53000,51250,53500,275.63,1.95,3264563,106.86,50.08,28.42,1003,809,112,48,68.01,40977,1,51,69.99,40512,2,[N/A],[N/A],[N/A],[N/A],4,4,"%CPU COMMAND;4901 VLLM::Worker_TP;4837 VLLM::Worker_TP;96.6 python3;83.4 opencode;21.5 vllm;"
1788655139,2026-09-06T00:38:59+00:00,4017.00,51750,55250,52000,51750,53250,55750,52250,50750,52250,266.24,1.89,3268984,106.86,50.08,28.42,1003,809,112,48,67.33,40977,1,51,71.37,40512,1,[N/A],[N/A],[N/A],[N/A],4,4,"%CPU COMMAND;4903 VLLM::Worker_TP;4843 VLLM::Worker_TP; 600 ps;95.6 python3;83.2 opencode;"
1788655140,2026-09-06T00:39:00+00:00,4018.56,51500,55375,52250,52250,51000,54250,53250,52000,52250,262.23,1.86,3268983,107.59,51.18,28.89,1003,809,112,48,67.77,40977,0,51,68.63,40512,1,[N/A],[N/A],[N/A],[N/A],4,4,"%CPU COMMAND;4906 VLLM::Worker_TP;4848 VLLM::Worker_TP;94.7 python3;83.1 opencode;21.2 vllm;"
1788655142,2026-09-06T00:39:02+00:00,4020.10,51500,55250,52250,51750,53500,53250,52500,51000,52000,262.16,1.86,3260103,107.59,51.18,28.89,1003,809,112,48,67.49,40977,1,51,71.53,40512,1,[N/A],[N/A],[N/A],[N/A],4,4,"%CPU COMMAND;4906 VLLM::Worker_TP;4852 VLLM::Worker_TP;93.9 python3;83.0 opencode;21.1 vllm;"
1788655143,2026-09-06T00:39:03+00:00,4021.64,52750,55125,52250,52000,53000,54500,52250,51250,51500,257.37,1.82,3266443,107.59,51.18,28.89,1003,809,112,48,67.68,40977,0,51,71.09,40512,0,[N/A],[N/A],[N/A],[N/A],4,4,"%CPU COMMAND;4906 VLLM::Worker_TP;4857 VLLM::Worker_TP;93.0 python3;82.9 opencode;21.0 vllm;"
1788655145,2026-09-06T00:39:05+00:00,4023.23,51250,55375,52000,52000,50750,55000,53000,50750,52000,267.91,1.91,3268969,107.94,52.19,29.34,1003,809,112,49,67.78,40977,0,51,71.67,40512,1,[N/A],[N/A],[N/A],[N/A],4,4,"%CPU COMMAND;4911 VLLM::Worker_TP;4862 VLLM::Worker_TP;92.1 python3;82.7 opencode;20.8 vllm;"
1788655146,2026-09-06T00:39:06+00:00,4024.83,51250,55625,52500,52000,50500,54750,53000,51250,53500,269.77,1.93,3268995,107.94,52.19,29.34,1003,809,112,49,68.46,40977,1,52,71.96,40512,1,[N/A],[N/A],[N/A],[N/A],4,4,"%CPU COMMAND;4915 VLLM::Worker_TP;4867 VLLM::Worker_TP;91.3 python3;82.5 opencode;20.7 vllm;"
1788655148,2026-09-06T00:39:08+00:00,4026.38,52000,55750,52250,52000,53250,55000,52750,50750,52000,264.52,1.87,3269032,107.94,52.19,29.34,1003,809,112,49,67.91,40977,1,52,73.55,40512,1,[N/A],[N/A],[N/A],[N/A],4,4,"%CPU COMMAND;4920 VLLM::Worker_TP;4873 VLLM::Worker_TP;90.4 python3;82.3 opencode;20.5 vllm;"
1788655150,2026-09-06T00:39:10+00:00,4027.95,52000,55875,52750,52000,51750,55000,53000,51500,52000,265.52,1.89,3269049,107.94,52.19,29.34,1003,809,112,49,69.03,40977,5,52,73.27,40512,1,[N/A],[N/A],[N/A],[N/A],4,4,"%CPU COMMAND;4925 VLLM::Worker_TP;4868 VLLM::Worker_TP;89.6 python3;82.1 opencode;20.4 vllm;"
1788655151,2026-09-06T00:39:11+00:00,4029.48,52250,55750,52500,52250,54250,56000,53000,51000,51750,258.04,1.80,3268957,104.02,52.30,29.50,1003,809,112,49,67.57,40977,1,52,74.63,40512,1,[N/A],[N/A],[N/A],[N/A],4,4,"%CPU COMMAND;4930 VLLM::Worker_TP;4873 VLLM::Worker_TP;88.8 python3;81.9 opencode;20.3 vllm;"
1788655153,2026-09-06T00:39:13+00:00,4031.07,51250,55500,52500,51750,55000,52500,53250,51500,52500,271.48,1.94,3245385,104.02,52.30,29.50,1003,809,112,49,68.62,40977,1,52,72.58,40512,1,[N/A],[N/A],[N/A],[N/A],4,4,"%CPU COMMAND;4935 VLLM::Worker_TP;4878 VLLM::Worker_TP;88.0 python3;81.7 opencode;20.1 vllm;"
1788655154,2026-09-06T00:39:14+00:00,4032.64,52000,55500,52750,52500,52500,51750,52500,51250,52000,264.18,1.90,3269020,104.02,52.30,29.50,1003,809,112,49,67.62,40977,1,52,69.91,40512,1,[N/A],[N/A],[N/A],[N/A],4,4,"%CPU COMMAND;4939 VLLM::Worker_TP;4882 VLLM::Worker_TP;87.3 python3;81.7 opencode;20.0 vllm;"
1788655156,2026-09-06T00:39:16+00:00,4034.17,51500,55500,52250,52250,56000,54000,52500,51500,55000,260.52,1.86,3266405,104.74,53.31,29.95,1003,809,112,49,68.00,40977,1,52,71.99,40512,1,[N/A],[N/A],[N/A],[N/A],4,4,"%CPU COMMAND;4943 VLLM::Worker_TP;4887 VLLM::Worker_TP;86.5 python3;81.6 opencode;19.9 vllm;"
1788655157,2026-09-06T00:39:17+00:00,4035.76,52500,55500,52000,52000,51750,56250,53250,51750,54500,270.55,1.92,3243547,104.74,53.31,29.95,1003,809,112,49,69.29,40977,3,52,72.50,40512,1,[N/A],[N/A],[N/A],[N/A],4,4,"%CPU COMMAND;4947 VLLM::Worker_TP;4892 VLLM::Worker_TP;85.8 python3;81.5 opencode;19.8 vllm;"
1788655159,2026-09-06T00:39:19+00:00,4037.36,54000,55500,52500,51750,53750,56250,53000,51500,52750,272.18,1.93,3262759,104.74,53.31,29.95,1003,809,112,49,68.80,40977,1,52,71.04,40512,1,[N/A],[N/A],[N/A],[N/A],4,4,"%CPU COMMAND;4951 VLLM::Worker_TP;4895 VLLM::Worker_TP;85.0 python3;81.4 opencode;19.6 vllm;"
1788655161,2026-09-06T00:39:21+00:00,4038.94,54000,55500,52250,52250,54750,54000,53500,51000,53250,268.17,1.91,3260930,105.48,54.32,30.40,1003,809,112,49,67.92,40977,1,52,70.72,40512,1,[N/A],[N/A],[N/A],[N/A],4,4,"%CPU COMMAND;4955 VLLM::Worker_TP;4899 VLLM::Worker_TP;84.3 python3;81.2 opencode;19.5 vllm;"
1788655162,2026-09-06T00:39:22+00:00,4040.48,51500,55375,52250,52000,52250,54000,53000,51750,53750,261.30,1.86,3268983,105.48,54.32,30.40,1003,809,112,49,68.37,40977,1,52,70.01,40512,0,[N/A],[N/A],[N/A],[N/A],4,4,"%CPU COMMAND;4957 VLLM::Worker_TP;4904 VLLM::Worker_TP;83.6 python3;81.2 opencode;19.4 vllm;"
1788655164,2026-09-06T00:39:24+00:00,4042.05,52000,55500,52750,52500,56000,54250,53000,51250,53500,267.92,1.90,3266461,105.48,54.32,30.40,1003,809,112,49,69.00,40977,1,52,69.60,40512,0,[N/A],[N/A],[N/A],[N/A],4,4,"%CPU COMMAND;4959 VLLM::Worker_TP;4908 VLLM::Worker_TP; 500 ps;82.9 python3;81.1 opencode;"
1788655165,2026-09-06T00:39:25+00:00,4043.59,51000,55250,52750,52250,54750,53000,53000,52000,53000,260.49,1.86,3254829,106.01,55.28,30.84,1003,809,112,49,68.80,40977,1,52,73.61,40512,1,[N/A],[N/A],[N/A],[N/A],4,4,"%CPU COMMAND;4963 VLLM::Worker_TP;4912 VLLM::Worker_TP;82.2 python3;81.0 opencode;19.2 vllm;"
1788655167,2026-09-06T00:39:27+00:00,4045.15,51250,56750,52000,52250,55250,51750,52750,51500,52250,265.07,1.89,3269040,106.01,55.28,30.84,1003,809,112,49,69.52,40977,1,52,74.39,40512,1,[N/A],[N/A],[N/A],[N/A],4,4,"%CPU COMMAND;4967 VLLM::Worker_TP;4917 VLLM::Worker_TP; 500 ps;81.5 python3;81.0 opencode;"
1788655168,2026-09-06T00:39:28+00:00,4046.74,51750,56500,52000,52000,54250,52000,53250,51500,55500,267.55,1.91,3268982,106.01,55.28,30.84,1003,809,112,49,67.59,40977,1,52,71.39,40512,1,[N/A],[N/A],[N/A],[N/A],4,4,"%CPU COMMAND;4968 VLLM::Worker_TP;4920 VLLM::Worker_TP;80.9 python3;80.9 opencode;18.9 vllm;"
1788655170,2026-09-06T00:39:30+00:00,4048.27,53000,56250,52250,52250,53500,53500,53000,52250,53500,258.35,1.82,3266420,106.65,56.25,31.28,1003,809,112,50,69.47,40977,1,53,70.87,40512,1,[N/A],[N/A],[N/A],[N/A],4,4,"%CPU COMMAND;4963 VLLM::Worker_TP;4923 VLLM::Worker_TP;80.9 opencode;80.3 python3;18.8 vllm;"
1788655171,2026-09-06T00:39:31+00:00,4049.81,51250,56125,52000,54500,54750,52000,53000,52000,55000,262.28,1.85,3269009,106.65,56.25,31.28,1003,809,112,50,68.65,40977,0,53,72.93,40512,1,[N/A],[N/A],[N/A],[N/A],4,4,"%CPU COMMAND;4967 VLLM::Worker_TP;4926 VLLM::Worker_TP; 600 ps;81.0 opencode;79.6 python3;"
1788655173,2026-09-06T00:39:33+00:00,4051.39,51750,55875,52250,52500,54250,51500,53250,51250,53500,271.84,1.92,3266440,106.65,56.25,31.28,1003,809,112,50,67.26,40977,0,53,72.21,40512,0,[N/A],[N/A],[N/A],[N/A],4,4,"%CPU COMMAND;4971 VLLM::Worker_TP;4929 VLLM::Worker_TP;81.1 opencode;79.0 python3;18.6 vllm;"
1788655175,2026-09-06T00:39:35+00:00,4053.02,54250,55625,52500,52500,53500,51750,53000,51250,54000,275.82,1.95,3241503,106.65,56.25,31.28,1003,809,112,50,68.07,40977,1,53,71.54,40512,1,[N/A],[N/A],[N/A],[N/A],4,4,"%CPU COMMAND;4971 VLLM::Worker_TP;4931 VLLM::Worker_TP;81.1 opencode;78.3 python3;18.5 vllm;"
